0.518468904,0.01158163,2.03912035,0.04546739,0.773901991,0.009157441,0.734237123,0.010322069,0.779550911,0.011473054,0.738660238,0.011854895
0.69087842,0.01557574,2.710144748,0.061584654,1.028103375,0.012692313,0.979720017,0.014183233,1.033752295,0.015499496,0.984143132,0.015957525
0.863287936,0.019615986,3.376207782,0.077657314,1.279480299,0.016321106,1.222991353,0.018143198,1.285129219,0.019560174,1.229626026,0.020101983
1.03321674,0.023687813,4.039790134,0.093694702,1.530857224,0.020171377,1.466262689,0.022145205,1.536506143,0.02361741,1.470685804,0.024274035
1.203145543,0.027769194,4.700891805,0.109690458,1.779409688,0.024126616,1.707322467,0.026177636,1.785058608,0.027650696,1.71395714,0.028464223
1.373074347,0.031844613,5.358272453,0.125639642,2.027962152,0.028090315,1.948382246,0.030238919,2.030786612,0.031657494,1.955016918,0.032656476
1.541762794,0.035904043,6.01317242,0.141529166,2.273690157,0.032078667,2.189442024,0.034316139,2.276514617,0.035638319,2.196076697,0.036848793
1.710451242,0.039941515,6.665591705,0.15738374,2.522242621,0.036063878,2.428290245,0.038415566,2.522242621,0.039601113,2.434924918,0.041042208
1.879139689,0.043959985,7.314289967,0.173203404,2.767970626,0.040045084,2.669350023,0.04252684,2.767970626,0.043546948,2.675984696,0.04522167
2.04658778,0.047963981,7.961747888,0.188953301,3.01087417,0.04401686,2.908198244,0.046646516,3.01087417,0.04747827,2.914832917,0.049379113
2.215276227,0.051956982,8.605484787,0.204663146,3.256602175,0.047983872,3.144834907,0.050758412,3.256602175,0.05139602,3.15146958,0.053514544
2.382724318,0.055941507,9.246741004,0.220338008,3.49950572,0.05194093,3.383683128,0.05486755,3.49950572,0.055301111,3.390317801,0.057631005
2.548932053,0.059918535,9.886756881,0.235932909,3.742409264,0.055888946,3.620319791,0.058973801,3.742409264,0.059194043,3.626954464,0.061731499
2.716380144,0.063889592,10.52305173,0.251527845,3.985312809,0.059830749,3.856956454,0.063079942,3.985312809,0.063074788,3.863591127,0.065825008
2.883828235,0.067852641,11.15686591,0.267047755,4.228216354,0.063764802,4.09138156,0.067183893,4.228216354,0.066947972,4.10022779,0.0699075
3.05003597,0.071811711,11.7881994,0.282492744,4.468295438,0.06769459,4.328018223,0.071288104,4.471119898,0.070815686,4.336864454,0.073975499
3.216243705,0.07576628,12.41581187,0.297922679,4.711198983,0.071617552,4.562443329,0.075391973,4.714023443,0.074680488,4.571289559,0.078035026
3.38245144,0.079716865,13.04218399,0.313302582,4.951278068,0.075531683,4.796868434,0.079492056,4.954102528,0.078541852,4.805714665,0.082092552
3.548659175,0.083663445,13.66607544,0.328607512,5.191357153,0.079444411,5.03129354,0.083591291,5.197006073,0.082401807,5.04013977,0.086146573
3.713626554,0.087606539,14.28624586,0.343867447,5.431436238,0.083353224,5.263507088,0.087688641,5.437085157,0.086258806,5.274564876,0.090199096
3.879834288,0.091546137,14.90517594,0.359082377,5.671515323,0.087254641,5.497932194,0.091783129,5.677164242,0.090110293,5.506778424,0.094245141
4.044801667,0.095482732,15.520385,0.374232284,5.911594408,0.091152578,5.730145742,0.095873175,5.917243327,0.093957717,5.74120353,0.098287686
4.209769046,0.099415341,16.13435372,0.389342225,6.148849033,0.095048604,5.96235929,0.099959287,6.154497952,0.097799607,5.973417078,0.102325207
4.375976781,0.103345953,16.74460142,0.404387085,6.388928117,0.09894069,6.194572838,0.104040439,6.394577037,0.101636011,6.205630626,0.106355239
4.539703803,0.107271066,17.35236843,0.419387015,6.626182743,0.102820818,6.424574828,0.108115132,6.631831662,0.105470988,6.437844174,0.110380287
4.704671182,0.111196169,17.95765476,0.434326872,6.863437368,0.106705464,6.656788376,0.112184886,6.869086287,0.109295957,6.667846164,0.114395336
4.86963856,0.115116286,18.56046041,0.449211741,7.100691993,0.110580194,6.886790366,0.116254644,7.109165372,0.113125939,6.900059712,0.118405383
5.033365583,0.119031405,19.16078538,0.464056596,7.337946618,0.11445491,7.116792357,0.120319436,7.343595537,0.116945926,7.130061702,0.122420392
5.198332961,0.122946512,19.75862967,0.47884147,7.575201243,0.118319656,7.346794347,0.124379214,7.580850162,0.120765883,7.360063693,0.126435405
5.362059984,0.12685664,20.35399328,0.493551341,7.809631408,0.122179423,7.576796338,0.128439024,7.818104787,0.124575814,7.590065683,0.130440405
5.525787006,0.130766749,20.9468762,0.508216151,8.046886033,0.126034213,7.80458677,0.132493839,8.055359413,0.128380744,7.817856116,0.134440419
5.689514028,0.134666866,,,8.281316198,0.12988903,8.034588761,0.136553695,8.289789578,0.132185723,8.047858106,0.138435425
5.853241051,0.138571972,,,8.515746364,0.133738839,8.262379194,0.140603545,8.524219743,0.135980738,8.275648539,0.142425454
6.016968073,0.142472099,,,8.750176529,0.13758366,8.490169626,0.144643423,8.761474368,0.139770749,8.503438972,0.146415488
6.179454739,0.146367209,,,8.984606694,0.141418505,8.717960059,0.148678288,8.995904533,0.14356573,8.731229405,0.150400523
6.341941406,0.150257308,,,9.219036859,0.145253367,8.945750492,0.152713187,9.230334698,0.147350702,8.959019838,0.154380546
6.505668428,0.154142406,,,9.453467024,0.149078299,9.171329367,0.156738073,9.461940404,0.151135667,9.18681027,0.158355589
6.668155094,0.158027504,,,9.68507273,0.152898219,9.396908242,0.160752972,9.696370569,0.154920622,9.412389146,0.162320634
6.83064176,0.161912597,,,9.919502895,0.156713134,9.624698675,0.164767879,9.930800734,0.158700594,9.637968021,0.166285672
6.993128426,0.16579269,,,10.1511086,0.160528042,9.85027755,0.168782791,10.16240644,0.162475546,9.863546896,0.170250706
7.154374736,0.169667781,,,10.38271431,0.164342954,10.07364487,0.172792673,10.3968366,0.166245504,10.08912577,0.174205753
7.316861403,0.173542869,,,10.61432001,0.168152852,10.29922374,0.176797603,10.62844231,0.170015465,10.31470465,0.178165777
7.479348069,0.17741294,,,10.84592572,0.171962761,10.52480262,0.180787504,10.86004802,0.173770455,10.53807196,0.182120804
7.640594379,0.181278015,,,11.07753142,0.175757692,10.74816994,0.184772449,11.09165372,0.177525445,10.76365084,0.186075821
7.801840689,0.185143084,,,11.30631267,0.179552632,10.97153725,0.188752347,11.32043497,0.181275451,10.98701816,0.190015838
7.963086999,0.189008143,,,11.53791837,0.183347562,11.19490457,0.192727295,11.55204067,0.185015458,11.21038547,0.193945848
8.124333309,0.192863197,,,11.76669962,0.187137477,11.41827189,0.196702223,11.78364638,0.188760447,11.43375279,0.197865864
8.285579618,0.196718245,,,11.99830532,0.190917401,11.63942765,0.200672165,12.01242762,0.192505436,11.65490855,0.201780889
8.446825928,0.200568275,,,12.22708657,0.194702329,11.86279497,0.204637119,12.24120887,0.196245408,11.87827587,0.205685922
8.606831882,0.20441831,,,12.45586782,0.198477265,12.08395073,0.208597103,12.46999011,0.199980393,12.09943163,0.209580966
8.768078192,0.208268351,,,12.68464906,0.202252209,12.30510649,0.212552045,12.69877136,0.203705394,12.32058739,0.213475985
8.928084146,0.21210837,,,12.91343031,0.206017163,12.52626225,0.216501998,12.92755261,0.207420382,12.54174315,0.217360994
9.088090099,0.2159484,,,13.13938709,0.209782111,12.74741801,0.220451992,13.15633385,0.211140376,12.76289891,0.221251015
9.248096053,0.219783443,,,13.36816834,0.213537062,12.96857377,0.224391966,13.3851151,0.214850381,12.98405467,0.225131027
9.408102007,0.223618488,,,13.59412512,0.217292017,13.18751797,0.228321937,13.61107188,0.218560363,13.20299887,0.229011045
9.568107961,0.227448529,,,13.82008191,0.221036972,13.40646217,0.232251915,13.83985313,0.222270354,13.42415463,0.232876059
9.726873558,0.231278567,,,14.04886315,0.224781938,13.62540637,0.236166912,14.06580991,0.225975334,13.64309883,0.236746071
9.886879512,0.235108588,,,14.27481994,0.228526905,13.84435058,0.240081865,14.2917667,0.229680319,13.86204304,0.240606078
10.04564511,0.238928631,,,14.50077673,0.232261856,14.06329478,0.243991819,14.51772349,0.23337031,14.08098724,0.244461081
10.20441071,0.242748646,,,14.72390905,0.235991828,14.28223898,0.247886768,14.74368027,0.237055318,14.29993144,0.248311094
10.36441666,0.246563669,,,14.94986584,0.239716785,14.49897163,0.25176171,14.96963706,0.240745308,14.51666409,0.252156109
10.5219419,0.250378704,,,15.17582262,0.243441741,14.71570427,0.255626631,15.19276938,0.244420309,14.73339673,0.255986127
10.6807075,0.254188722,,,15.39895495,0.247161716,14.93243692,0.2594716,15.41872617,0.248105307,14.95234093,0.259816151
10.8394731,0.257993726,,,15.62208728,0.250871696,15.14916956,0.263321546,15.64185849,0.251780309,15.16907358,0.263641165
10.99823869,0.261798738,,,15.84804406,0.254576662,15.3659022,0.267161491,15.86781528,0.255455296,15.38359467,0.267456195
11.15576394,0.265598749,,,16.07117639,0.258286647,15.58263485,0.271001447,16.09094761,0.259125289,15.60032731,0.271266224
11.31328918,0.269398756,,,16.29430871,0.261986609,15.79715594,0.2748414,16.31407993,0.262795279,15.8148484,0.275071243
11.47205477,0.273193758,,,16.51461658,0.265681582,16.01167702,0.278671332,16.53721226,0.266460273,16.03158104,0.278871259
11.62958002,0.276983756,,,16.73774891,0.269381567,16.22619811,0.282496269,16.76034458,0.270115271,16.24610213,0.282671274
11.78710526,0.280773749,,,16.96088123,0.273071533,16.4407192,0.286321234,16.98065245,0.273770271,16.46062322,0.286471283
11.94339014,0.28455874,,,17.1811891,0.276766523,16.65524029,0.290131193,17.20378478,0.277410276,16.67293275,0.290251296
12.10091538,0.288348727,,,17.40149696,0.28046648,16.86976137,0.293946159,17.42409264,0.281045289,16.88745383,0.294036298
12.25844062,0.292123712,,,17.62462929,0.284171445,17.0820709,0.297826109,17.64440051,0.284680285,17.09976336,0.297811291
12.41472551,0.295908697,,,17.84493716,0.287871411,17.29438043,0.301636087,17.86753283,0.288305295,17.31428445,0.301581272
12.57101039,0.29967868,,,18.06524502,0.29156139,17.50890152,0.305456043,18.0878407,0.291935291,17.52659398,0.305341271
12.72729528,0.303453661,,,18.28555289,0.295256351,17.72121105,0.309275998,18.30532411,0.295560296,17.73890351,0.30909626
12.88358016,0.307223638,,,18.50586075,0.298941312,17.93130902,0.313085969,18.52563197,0.299185308,17.94900148,0.312846241
13.03986505,0.310988611,,,18.72334416,0.302626266,18.14361855,0.316890939,18.74593984,0.302805313,18.16131101,0.316586243
13.19614993,0.314753583,,,18.94365203,0.306306217,18.35371652,0.320690908,18.96342325,0.306420316,18.37140898,0.320326241
13.35243482,0.318513552,,,19.16113543,0.309986168,18.56602605,0.324485893,19.18373111,0.310025315,18.58371851,0.324056234
13.50747935,0.322273519,,,19.37861884,0.313656144,18.77612402,0.328280854,19.40121452,0.31363031,18.79381648,0.327776219
13.66376423,0.326023482,,,19.59892671,0.317331117,18.986222,0.332065825,19.61869792,0.317235308,19.00391446,0.331491224
13.81880876,0.329778444,,,19.81641011,0.32099609,19.19631997,0.33584578,19.83618133,0.320830314,19.21401243,0.335201216
13.97385329,0.333523405,,,20.03106906,0.324656056,19.40420638,0.339625739,20.05366474,0.324425309,19.42189884,0.338911202
14.12889782,0.337268367,,,20.24855246,0.32831604,19.61430435,0.343395723,20.27114814,0.328010319,19.63199682,0.342606201
14.28394235,0.341013341,,,20.46603587,0.331970996,19.82219077,0.347160675,20.48863155,0.331595324,19.83988323,0.346301206
14.43774652,0.344758305,,,20.68351928,0.33562596,20.03007718,0.350925612,20.7032905,0.335180321,20.04776964,0.349991199
14.59279105,0.348493273,,,20.89817822,0.339275928,20.2379636,0.354690575,20.9207739,0.338755326,20.25565606,0.353671186
14.74783558,0.352228239,,,21.11283717,0.342915883,20.44585001,0.358445537,,,20.46354247,0.357346189
14.90163975,0.355963206,,,,,20.65373643,0.362200497,,,20.66921733,0.361006191
15.05544392,0.359693168,,,,,20.85941128,0.365950464,,,20.87710374,0.364671197
15.2092481,0.36341812,,,,,20.96114293,0.367615602,,,,
15.36305227,0.367138081,,,,,,,,,,
15.51685644,0.370858041,,,,,,,,,,
15.67066061,0.374578009,,,,,,,,,,
15.82322443,0.378292955,,,,,,,,,,
15.9770286,0.382002921,,,,,,,,,,
16.12959242,0.385712878,,,,,,,,,,
16.28215624,0.389417838,,,,,,,,,,
16.43472005,0.393122795,,,,,,,,,,
16.58728387,0.396822753,,,,,,,,,,
16.73984768,0.40052271,,,,,,,,,,
16.8924115,0.404217667,,,,,,,,,,
17.04373496,0.407907624,,,,,,,,,,
17.19629878,0.41159758,,,,,,,,,,
17.34762224,0.415282536,,,,,,,,,,
17.4989457,0.418962491,,,,,,,,,,
17.65026916,0.422642455,,,,,,,,,,
17.80159262,0.426322409,,,,,,,,,,
17.95291608,0.429992363,,,,,,,,,,
18.10423954,0.433667309,,,,,,,,,,
18.25432264,0.437332263,,,,,,,,,,
18.40440575,0.440997226,,,,,,,,,,
18.55572921,0.444657177,,,,,,,,,,
18.70581231,0.448317129,,,,,,,,,,
18.85589541,0.451977089,,,,,,,,,,
19.00597852,0.455632031,,,,,,,,,,
19.15606162,0.45928199,,,,,,,,,,
19.30490437,0.462926932,,,,,,,,,,
19.45498747,0.466571892,,,,,,,,,,
19.60383022,0.470211833,,,,,,,,,,
19.75267297,0.47385679,,,,,,,,,,
19.90275607,0.47748674,,,,,,,,,,
20.05159882,0.481121697,,,,,,,,,,
20.19920121,0.484751638,,,,,,,,,,
20.34804396,0.488376589,,,,,,,,,,
20.49688671,0.492001543,,,,,,,,,,
20.6444891,0.4956215,,,,,,,,,,
20.79333184,0.499241455,,,,,,,,,,
20.94093424,0.502846426,,,,,,,,,,
